cod_ibge,cod_ibge_7,nome_municipio,cod_microrregiao,nome_microrregiao,cod_mesorregiao,nome_mesorregiao
350010,3500105,Adamantina,35035,Adamantina,3508,Presidente Prudente
350020,3500204,Adolfo,35004,São José do Rio Preto,3501,São José do Rio Preto
350030,3500303,Aguaí,35029,Pirassununga,3507,Campinas
350040,3500402,Águas da Prata,35030,São João da Boa Vista,3507,Campinas
350050,3500501,Águas de Lindóia,35033,Amparo,3507,Campinas
350055,3500550,Águas de Santa Bárbara,35022,Avaré,3504,Bauru
350060,3500600,Águas de São Pedro,35028,Piracicaba,3506,Piracicaba
350070,3500709,Agudos,35020,Bauru,3504,Bauru
350075,3500758,Alambari,35042,Itapetininga,3511,Itapetininga
350080,3500808,Alfredo Marcondes,35036,Presidente Prudente,3508,Presidente Prudente
350090,3500907,Altair,35004,São José do Rio Preto,3501,São José do Rio Preto
350100,3501004,Altinópolis,35015,Batatais,3502,Ribeirão Preto
350110,3501103,Alto Alegre,35018,Birigui,3503,Araçatuba
350115,3501152,Alumínio,35046,Sorocaba,3512,Macro Metropolitana Paulista
350120,3501202,Álvares Florence,35003,Votuporanga,3501,São José do Rio Preto
350130,3501301,Álvares Machado,35036,Presidente Prudente,3508,Presidente Prudente
350140,3501400,Álvaro de Carvalho,35038,Marília,3509,Marília
350150,3501509,Alvinlândia,35038,Marília,3509,Marília
350160,3501608,Americana,35032,Campinas,3507,Campinas
350170,3501707,Américo Brasiliense,35024,Araraquara,3505,Araraquara
350180,3501806,Américo de Campos,35003,Votuporanga,3501,São José do Rio Preto
350190,3501905,Amparo,35033,Amparo,3507,Campinas
350200,3502002,Analândia,35025,São Carlos,3505,Araraquara
350210,3502101,Andradina,35016,Andradina,3503,Araçatuba
350220,3502200,Angatuba,35042,Itapetininga,3511,Itapetininga
350230,3502309,Anhembi,35023,Botucatu,3504,Bauru
350240,3502408,Anhumas,35036,Presidente Prudente,3508,Presidente Prudente
350250,3502507,Aparecida,35051,Guaratinguetá,3513,Vale do Paraíba Paulista
350260,3502606,Aparecida d'Oeste,35001,Jales,3501,São José do Rio Preto
350270,3502705,Apiaí,35044,Capão Bonito,3511,Itapetininga
350275,3502754,Araçariguama,35046,Sorocaba,3512,Macro Metropolitana Paulista
350280,3502804,Araçatuba,35017,Araçatuba,3503,Araçatuba
350290,3502903,Araçoiaba da Serra,35046,Sorocaba,3512,Macro Metropolitana Paulista
350300,3503000,Aramina,35011,Ituverava,3502,Ribeirão Preto
350310,3503109,Arandu,35022,Avaré,3504,Bauru
350315,3503158,Arapeí,35052,Bananal,3513,Vale do Paraíba Paulista
350320,3503208,Araraquara,35024,Araraquara,3505,Araraquara
350330,3503307,Araras,35027,Limeira,3506,Piracicaba
350335,3503356,Arco-Íris,35037,Tupã,3509,Marília
350340,3503406,Arealva,35020,Bauru,3504,Bauru
350350,3503505,Areias,35052,Bananal,3513,Vale do Paraíba Paulista
350360,3503604,Areiópolis,35020,Bauru,3504,Bauru
350370,3503703,Ariranha,35005,Catanduva,3501,São José do Rio Preto
350380,3503802,Artur Nogueira,35031,Mogi Mirim,3507,Campinas
350390,3503901,Arujá,35059,Guarulhos,3515,Metropolitana de São Paulo
350395,3503950,Aspásia,35001,Jales,3501,São José do Rio Preto
350400,3504008,Assis,35039,Assis,3510,Assis
350410,3504107,Atibaia,35048,Bragança Paulista,3512,Macro Metropolitana Paulista
350420,3504206,Auriflama,35006,Auriflama,3501,São José do Rio Preto
350430,3504305,Avaí,35020,Bauru,3504,Bauru
350440,3504404,Avanhandava,35018,Birigui,3503,Araçatuba
350450,3504503,Avaré,35022,Avaré,3504,Bauru
350460,3504602,Bady Bassitt,35004,São José do Rio Preto,3501,São José do Rio Preto
350470,3504701,Balbinos,35020,Bauru,3504,Bauru
350480,3504800,Bálsamo,35004,São José do Rio Preto,3501,São José do Rio Preto
350490,3504909,Bananal,35052,Bananal,3513,Vale do Paraíba Paulista
350500,3505005,Barão de Antonina,35041,Itapeva,3511,Itapetininga
350510,3505104,Barbosa,35018,Birigui,3503,Araçatuba
350520,3505203,Bariri,35021,Jaú,3504,Bauru
350530,3505302,Barra Bonita,35021,Jaú,3504,Bauru
350535,3505351,Barra do Chapéu,35044,Capão Bonito,3511,Itapetininga
350540,3505401,Barra do Turvo,35055,Registro,3514,Litoral Sul Paulista
350550,3505500,Barretos,35009,Barretos,3502,Ribeirão Preto
350560,3505609,Barrinha,35014,Ribeirão Preto,3502,Ribeirão Preto
350570,3505708,Barueri,35057,Osasco,3515,Metropolitana de São Paulo
350580,3505807,Bastos,35037,Tupã,3509,Marília
350590,3505906,Batatais,35015,Batatais,3502,Ribeirão Preto
350600,3506003,Bauru,35020,Bauru,3504,Bauru
350610,3506102,Bebedouro,35013,Jaboticabal,3502,Ribeirão Preto
350620,3506201,Bento de Abreu,35017,Araçatuba,3503,Araçatuba
350630,3506300,Bernardino de Campos,35040,Ourinhos,3510,Assis
350635,3506359,Bertioga,35063,Santos,3515,Metropolitana de São Paulo
350640,3506409,Bilac,35018,Birigui,3503,Araçatuba
350650,3506508,Birigui,35018,Birigui,3503,Araçatuba
350660,3506607,Biritiba Mirim,35062,Mogi das Cruzes,3515,Metropolitana de São Paulo
350670,3506706,Boa Esperança do Sul,35024,Araraquara,3505,Araraquara
350680,3506805,Bocaina,35021,Jaú,3504,Bauru
350690,3506904,Bofete,35023,Botucatu,3504,Bauru
350700,3507001,Boituva,35043,Tatuí,3511,Itapetininga
350710,3507100,Bom Jesus dos Perdões,35048,Bragança Paulista,3512,Macro Metropolitana Paulista
350715,3507159,Bom Sucesso de Itararé,35041,Itapeva,3511,Itapetininga
350720,3507209,Borá,35039,Assis,3510,Assis
350730,3507308,Boracéia,35021,Jaú,3504,Bauru
350740,3507407,Borborema,35024,Araraquara,3505,Araraquara
350745,3507456,Borebi,35020,Bauru,3504,Bauru
350750,3507506,Botucatu,35023,Botucatu,3504,Bauru
350760,3507605,Bragança Paulista,35048,Bragança Paulista,3512,Macro Metropolitana Paulista
350770,3507704,Braúna,35018,Birigui,3503,Araçatuba
350775,3507753,Brejo Alegre,35018,Birigui,3503,Araçatuba
350780,3507803,Brodowski,35014,Ribeirão Preto,3502,Ribeirão Preto
350790,3507902,Brotas,35026,Rio Claro,3506,Piracicaba
350800,3508009,Buri,35041,Itapeva,3511,Itapetininga
350810,3508108,Buritama,35018,Birigui,3503,Araçatuba
350820,3508207,Buritizal,35011,Ituverava,3502,Ribeirão Preto
350830,3508306,Cabrália Paulista,35020,Bauru,3504,Bauru
350840,3508405,Cabreúva,35046,Sorocaba,3512,Macro Metropolitana Paulista
350850,3508504,Caçapava,35050,São José dos Campos,3513,Vale do Paraíba Paulista
350860,3508603,Cachoeira Paulista,35051,Guaratinguetá,3513,Vale do Paraíba Paulista
350870,3508702,Caconde,35030,São João da Boa Vista,3507,Campinas
350880,3508801,Cafelândia,35019,Lins,3504,Bauru
350890,3508900,Caiabu,35036,Presidente Prudente,3508,Presidente Prudente
350900,3509007,Caieiras,35058,Franco da Rocha,3515,Metropolitana de São Paulo
350910,3509106,Caiuá,35036,Presidente Prudente,3508,Presidente Prudente
350920,3509205,Cajamar,35057,Osasco,3515,Metropolitana de São Paulo
350925,3509254,Cajati,35055,Registro,3514,Litoral Sul Paulista
350930,3509304,Cajobi,35005,Catanduva,3501,São José do Rio Preto
350940,3509403,Cajuru,35015,Batatais,3502,Ribeirão Preto
350945,3509452,Campina do Monte Alegre,35042,Itapetininga,3511,Itapetininga
350950,3509502,Campinas,35032,Campinas,3507,Campinas
350960,3509601,Campo Limpo Paulista,35047,Jundiaí,3512,Macro Metropolitana Paulista
350970,3509700,Campos do Jordão,35049,Campos do Jordão,3513,Vale do Paraíba Paulista
350980,3509809,Campos Novos Paulista,35039,Assis,3510,Assis
350990,3509908,Cananéia,35055,Registro,3514,Litoral Sul Paulista
350995,3509957,Canas,35051,Guaratinguetá,3513,Vale do Paraíba Paulista
351000,3510005,Cândido Mota,35039,Assis,3510,Assis
351010,3510104,Cândido Rodrigues,35013,Jaboticabal,3502,Ribeirão Preto
351015,3510153,Canitar,35040,Ourinhos,3510,Assis
351020,3510203,Capão Bonito,35044,Capão Bonito,3511,Itapetininga
351030,3510302,Capela do Alto,35046,Sorocaba,3512,Macro Metropolitana Paulista
351040,3510401,Capivari,35028,Piracicaba,3506,Piracicaba
351050,3510500,Caraguatatuba,35054,Caraguatatuba,3513,Vale do Paraíba Paulista
351060,3510609,Carapicuíba,35057,Osasco,3515,Metropolitana de São Paulo
351070,3510708,Cardoso,35003,Votuporanga,3501,São José do Rio Preto
351080,3510807,Casa Branca,35030,São João da Boa Vista,3507,Campinas
351090,3510906,Cássia dos Coqueiros,35015,Batatais,3502,Ribeirão Preto
351100,3511003,Castilho,35016,Andradina,3503,Araçatuba
351110,3511102,Catanduva,35005,Catanduva,3501,São José do Rio Preto
351120,3511201,Catiguá,35005,Catanduva,3501,São José do Rio Preto
351130,3511300,Cedral,35004,São José do Rio Preto,3501,São José do Rio Preto
351140,3511409,Cerqueira César,35022,Avaré,3504,Bauru
351150,3511508,Cerquilho,35043,Tatuí,3511,Itapetininga
351160,3511607,Cesário Lange,35043,Tatuí,3511,Itapetininga
351170,3511706,Charqueada,35028,Piracicaba,3506,Piracicaba
351190,3511904,Clementina,35018,Birigui,3503,Araçatuba
351200,3512001,Colina,35009,Barretos,3502,Ribeirão Preto
351210,3512100,Colômbia,35009,Barretos,3502,Ribeirão Preto
351220,3512209,Conchal,35027,Limeira,3506,Piracicaba
351230,3512308,Conchas,35023,Botucatu,3504,Bauru
351240,3512407,Cordeirópolis,35027,Limeira,3506,Piracicaba
351250,3512506,Coroados,35018,Birigui,3503,Araçatuba
351260,3512605,Coronel Macedo,35041,Itapeva,3511,Itapetininga
351270,3512704,Corumbataí,35026,Rio Claro,3506,Piracicaba
351280,3512803,Cosmópolis,35032,Campinas,3507,Campinas
351290,3512902,Cosmorama,35003,Votuporanga,3501,São José do Rio Preto
351300,3513009,Cotia,35060,Itapecerica da Serra,3515,Metropolitana de São Paulo
351310,3513108,Cravinhos,35014,Ribeirão Preto,3502,Ribeirão Preto
351320,3513207,Cristais Paulista,35012,Franca,3502,Ribeirão Preto
351330,3513306,Cruzália,35039,Assis,3510,Assis
351340,3513405,Cruzeiro,35051,Guaratinguetá,3513,Vale do Paraíba Paulista
351350,3513504,Cubatão,35063,Santos,3515,Metropolitana de São Paulo
351360,3513603,Cunha,35053,Paraibuna/Paraitinga,3513,Vale do Paraíba Paulista
351370,3513702,Descalvado,35025,São Carlos,3505,Araraquara
351380,3513801,Diadema,35061,São Paulo,3515,Metropolitana de São Paulo
351385,3513850,Dirce Reis,35001,Jales,3501,São José do Rio Preto
351390,3513900,Divinolândia,35030,São João da Boa Vista,3507,Campinas
351400,3514007,Dobrada,35024,Araraquara,3505,Araraquara
351410,3514106,Dois Córregos,35021,Jaú,3504,Bauru
351420,3514205,Dolcinópolis,35001,Jales,3501,São José do Rio Preto
351430,3514304,Dourado,35025,São Carlos,3505,Araraquara
351440,3514403,Dracena,35034,Dracena,3508,Presidente Prudente
351450,3514502,Duartina,35020,Bauru,3504,Bauru
351460,3514601,Dumont,35014,Ribeirão Preto,3502,Ribeirão Preto
351470,3514700,Echaporã,35038,Marília,3509,Marília
351480,3514809,Eldorado,35055,Registro,3514,Litoral Sul Paulista
351490,3514908,Elias Fausto,35032,Campinas,3507,Campinas
351492,3514924,Elisiário,35005,Catanduva,3501,São José do Rio Preto
351495,3514957,Embaúba,35005,Catanduva,3501,São José do Rio Preto
351500,3515004,Embu das Artes,35060,Itapecerica da Serra,3515,Metropolitana de São Paulo
351510,3515103,Embu-Guaçu,35060,Itapecerica da Serra,3515,Metropolitana de São Paulo
351512,3515129,Emilianópolis,35036,Presidente Prudente,3508,Presidente Prudente
351515,3515152,Engenheiro Coelho,35031,Mogi Mirim,3507,Campinas
351518,3515186,Espírito Santo do Pinhal,35030,São João da Boa Vista,3507,Campinas
351519,3515194,Espírito Santo do Turvo,35040,Ourinhos,3510,Assis
351520,3515202,Estrela d'Oeste,35002,Fernandópolis,3501,São José do Rio Preto
351530,3515301,Estrela do Norte,35036,Presidente Prudente,3508,Presidente Prudente
351535,3515350,Euclides da Cunha Paulista,35036,Presidente Prudente,3508,Presidente Prudente
351540,3515400,Fartura,35040,Ourinhos,3510,Assis
351550,3515509,Fernandópolis,35002,Fernandópolis,3501,São José do Rio Preto
351560,3515608,Fernando Prestes,35013,Jaboticabal,3502,Ribeirão Preto
351565,3515657,Fernão,35038,Marília,3509,Marília
351570,3515707,Ferraz de Vasconcelos,35062,Mogi das Cruzes,3515,Metropolitana de São Paulo
351580,3515806,Flora Rica,35035,Adamantina,3508,Presidente Prudente
351590,3515905,Floreal,35006,Auriflama,3501,São José do Rio Preto
351600,3516002,Flórida Paulista,35035,Adamantina,3508,Presidente Prudente
351610,3516101,Florínea,35039,Assis,3510,Assis
351620,3516200,Franca,35012,Franca,3502,Ribeirão Preto
351630,3516309,Francisco Morato,35058,Franco da Rocha,3515,Metropolitana de São Paulo
351640,3516408,Franco da Rocha,35058,Franco da Rocha,3515,Metropolitana de São Paulo
351650,3516507,Gabriel Monteiro,35018,Birigui,3503,Araçatuba
351660,3516606,Gália,35038,Marília,3509,Marília
351670,3516705,Garça,35038,Marília,3509,Marília
351680,3516804,Gastão Vidigal,35006,Auriflama,3501,São José do Rio Preto
351685,3516853,Gavião Peixoto,35024,Araraquara,3505,Araraquara
351690,3516903,General Salgado,35006,Auriflama,3501,São José do Rio Preto
351700,3517000,Getulina,35019,Lins,3504,Bauru
351710,3517109,Glicério,35018,Birigui,3503,Araçatuba
351720,3517208,Guaiçara,35019,Lins,3504,Bauru
351730,3517307,Guaimbê,35019,Lins,3504,Bauru
351740,3517406,Guaíra,35010,São Joaquim da Barra,3502,Ribeirão Preto
351750,3517505,Guapiaçu,35004,São José do Rio Preto,3501,São José do Rio Preto
351760,3517604,Guapiara,35044,Capão Bonito,3511,Itapetininga
351770,3517703,Guará,35011,Ituverava,3502,Ribeirão Preto
351780,3517802,Guaraçaí,35016,Andradina,3503,Araçatuba
351790,3517901,Guaraci,35004,São José do Rio Preto,3501,São José do Rio Preto
351800,3518008,Guarani d'Oeste,35002,Fernandópolis,3501,São José do Rio Preto
351810,3518107,Guarantã,35020,Bauru,3504,Bauru
351820,3518206,Guararapes,35017,Araçatuba,3503,Araçatuba
351830,3518305,Guararema,35062,Mogi das Cruzes,3515,Metropolitana de São Paulo
351840,3518404,Guaratinguetá,35051,Guaratinguetá,3513,Vale do Paraíba Paulista
351850,3518503,Guareí,35042,Itapetininga,3511,Itapetininga
351860,3518602,Guariba,35013,Jaboticabal,3502,Ribeirão Preto
351870,3518701,Guarujá,35063,Santos,3515,Metropolitana de São Paulo
351880,3518800,Guarulhos,35059,Guarulhos,3515,Metropolitana de São Paulo
351885,3518859,Guatapará,35014,Ribeirão Preto,3502,Ribeirão Preto
351890,3518909,Guzolândia,35006,Auriflama,3501,São José do Rio Preto
351900,3519006,Herculândia,35037,Tupã,3509,Marília
351905,3519055,Holambra,35032,Campinas,3507,Campinas
351907,3519071,Hortolândia,35032,Campinas,3507,Campinas
351910,3519105,Iacanga,35020,Bauru,3504,Bauru
351920,3519204,Iacri,35037,Tupã,3509,Marília
351925,3519253,Iaras,35022,Avaré,3504,Bauru
351930,3519303,Ibaté,35025,São Carlos,3505,Araraquara
351940,3519402,Ibirá,35004,São José do Rio Preto,3501,São José do Rio Preto
351950,3519501,Ibirarema,35039,Assis,3510,Assis
351960,3519600,Ibitinga,35024,Araraquara,3505,Araraquara
351970,3519709,Ibiúna,35045,Piedade,3512,Macro Metropolitana Paulista
351980,3519808,Icém,35004,São José do Rio Preto,3501,São José do Rio Preto
351990,3519907,Iepê,35039,Assis,3510,Assis
352000,3520004,Igaraçu do Tietê,35021,Jaú,3504,Bauru
352010,3520103,Igarapava,35011,Ituverava,3502,Ribeirão Preto
352020,3520202,Igaratá,35050,São José dos Campos,3513,Vale do Paraíba Paulista
352030,3520301,Iguape,35055,Registro,3514,Litoral Sul Paulista
352040,3520400,Ilhabela,35054,Caraguatatuba,3513,Vale do Paraíba Paulista
352042,3520426,Ilha Comprida,35055,Registro,3514,Litoral Sul Paulista
352044,3520442,Ilha Solteira,35016,Andradina,3503,Araçatuba
352050,3520509,Indaiatuba,35032,Campinas,3507,Campinas
352060,3520608,Indiana,35036,Presidente Prudente,3508,Presidente Prudente
352070,3520707,Indiaporã,35002,Fernandópolis,3501,São José do Rio Preto
352080,3520806,Inúbia Paulista,35035,Adamantina,3508,Presidente Prudente
352090,3520905,Ipaussu,35040,Ourinhos,3510,Assis
352100,3521002,Iperó,35046,Sorocaba,3512,Macro Metropolitana Paulista
352110,3521101,Ipeúna,35026,Rio Claro,3506,Piracicaba
352115,3521150,Ipiguá,35004,São José do Rio Preto,3501,São José do Rio Preto
352120,3521200,Iporanga,35044,Capão Bonito,3511,Itapetininga
352130,3521309,Ipuã,35010,São Joaquim da Barra,3502,Ribeirão Preto
352140,3521408,Iracemápolis,35027,Limeira,3506,Piracicaba
352150,3521507,Irapuã,35008,Novo Horizonte,3501,São José do Rio Preto
352160,3521606,Irapuru,35035,Adamantina,3508,Presidente Prudente
352170,3521705,Itaberá,35041,Itapeva,3511,Itapetininga
352180,3521804,Itaí,35022,Avaré,3504,Bauru
352190,3521903,Itajobi,35008,Novo Horizonte,3501,São José do Rio Preto
352200,3522000,Itaju,35021,Jaú,3504,Bauru
352210,3522109,Itanhaém,35056,Itanhaém,3514,Litoral Sul Paulista
352215,3522158,Itaoca,35044,Capão Bonito,3511,Itapetininga
352220,3522208,Itapecerica da Serra,35060,Itapecerica da Serra,3515,Metropolitana de São Paulo
352230,3522307,Itapetininga,35042,Itapetininga,3511,Itapetininga
352240,3522406,Itapeva,35041,Itapeva,3511,Itapetininga
352250,3522505,Itapevi,35057,Osasco,3515,Metropolitana de São Paulo
352260,3522604,Itapira,35031,Mogi Mirim,3507,Campinas
352265,3522653,Itapirapuã Paulista,35044,Capão Bonito,3511,Itapetininga
352270,3522703,Itápolis,35024,Araraquara,3505,Araraquara
352280,3522802,Itaporanga,35041,Itapeva,3511,Itapetininga
352290,3522901,Itapuí,35021,Jaú,3504,Bauru
352300,3523008,Itapura,35016,Andradina,3503,Araçatuba
352310,3523107,Itaquaquecetuba,35062,Mogi das Cruzes,3515,Metropolitana de São Paulo
352320,3523206,Itararé,35041,Itapeva,3511,Itapetininga
352330,3523305,Itariri,35056,Itanhaém,3514,Litoral Sul Paulista
352340,3523404,Itatiba,35048,Bragança Paulista,3512,Macro Metropolitana Paulista
352350,3523503,Itatinga,35022,Avaré,3504,Bauru
352360,3523602,Itirapina,35026,Rio Claro,3506,Piracicaba
352370,3523701,Itirapuã,35012,Franca,3502,Ribeirão Preto
352380,3523800,Itobi,35030,São João da Boa Vista,3507,Campinas
352390,3523909,Itu,35046,Sorocaba,3512,Macro Metropolitana Paulista
352400,3524006,Itupeva,35047,Jundiaí,3512,Macro Metropolitana Paulista
352410,3524105,Ituverava,35011,Ituverava,3502,Ribeirão Preto
352420,3524204,Jaborandi,35010,São Joaquim da Barra,3502,Ribeirão Preto
352430,3524303,Jaboticabal,35013,Jaboticabal,3502,Ribeirão Preto
352440,3524402,Jacareí,35050,São José dos Campos,3513,Vale do Paraíba Paulista
352450,3524501,Jaci,35004,São José do Rio Preto,3501,São José do Rio Preto
352460,3524600,Jacupiranga,35055,Registro,3514,Litoral Sul Paulista
352470,3524709,Jaguariúna,35032,Campinas,3507,Campinas
352480,3524808,Jales,35001,Jales,3501,São José do Rio Preto
352490,3524907,Jambeiro,35053,Paraibuna/Paraitinga,3513,Vale do Paraíba Paulista
352500,3525003,Jandira,35057,Osasco,3515,Metropolitana de São Paulo
352510,3525102,Jardinópolis,35014,Ribeirão Preto,3502,Ribeirão Preto
352520,3525201,Jarinu,35048,Bragança Paulista,3512,Macro Metropolitana Paulista
352530,3525300,Jaú,35021,Jaú,3504,Bauru
352540,3525409,Jeriquara,35012,Franca,3502,Ribeirão Preto
352550,3525508,Joanópolis,35048,Bragança Paulista,3512,Macro Metropolitana Paulista
352560,3525607,João Ramalho,35036,Presidente Prudente,3508,Presidente Prudente
352570,3525706,José Bonifácio,35004,São José do Rio Preto,3501,São José do Rio Preto
352580,3525805,Júlio Mesquita,35019,Lins,3504,Bauru
352585,3525854,Jumirim,35028,Piracicaba,3506,Piracicaba
352590,3525904,Jundiaí,35047,Jundiaí,3512,Macro Metropolitana Paulista
352600,3526001,Junqueirópolis,35034,Dracena,3508,Presidente Prudente
352610,3526100,Juquiá,35055,Registro,3514,Litoral Sul Paulista
352620,3526209,Juquitiba,35060,Itapecerica da Serra,3515,Metropolitana de São Paulo
352630,3526308,Lagoinha,35053,Paraibuna/Paraitinga,3513,Vale do Paraíba Paulista
352640,3526407,Laranjal Paulista,35043,Tatuí,3511,Itapetininga
352650,3526506,Lavínia,35017,Araçatuba,3503,Araçatuba
352660,3526605,Lavrinhas,35051,Guaratinguetá,3513,Vale do Paraíba Paulista
352670,3526704,Leme,35027,Limeira,3506,Piracicaba
352680,3526803,Lençóis Paulista,35020,Bauru,3504,Bauru
352690,3526902,Limeira,35027,Limeira,3506,Piracicaba
352700,3527009,Lindóia,35033,Amparo,3507,Campinas
352710,3527108,Lins,35019,Lins,3504,Bauru
352720,3527207,Lorena,35051,Guaratinguetá,3513,Vale do Paraíba Paulista
352725,3527256,Lourdes,35018,Birigui,3503,Araçatuba
352730,3527306,Louveira,35047,Jundiaí,3512,Macro Metropolitana Paulista
352740,3527405,Lucélia,35035,Adamantina,3508,Presidente Prudente
352750,3527504,Lucianópolis,35020,Bauru,3504,Bauru
352760,3527603,Luís Antônio,35014,Ribeirão Preto,3502,Ribeirão Preto
352770,3527702,Luiziânia,35018,Birigui,3503,Araçatuba
352780,3527801,Lupércio,35038,Marília,3509,Marília
352790,3527900,Lutécia,35039,Assis,3510,Assis
352800,3528007,Macatuba,35021,Jaú,3504,Bauru
352810,3528106,Macaubal,35007,Nhandeara,3501,São José do Rio Preto
352820,3528205,Macedônia,35002,Fernandópolis,3501,São José do Rio Preto
352830,3528304,Magda,35006,Auriflama,3501,São José do Rio Preto
352840,3528403,Mairinque,35046,Sorocaba,3512,Macro Metropolitana Paulista
352850,3528502,Mairiporã,35058,Franco da Rocha,3515,Metropolitana de São Paulo
352860,3528601,Manduri,35040,Ourinhos,3510,Assis
352870,3528700,Marabá Paulista,35036,Presidente Prudente,3508,Presidente Prudente
352880,3528809,Maracaí,35039,Assis,3510,Assis
352885,3528858,Marapoama,35008,Novo Horizonte,3501,São José do Rio Preto
352890,3528908,Mariápolis,35035,Adamantina,3508,Presidente Prudente
352900,3529005,Marília,35038,Marília,3509,Marília
352910,3529104,Marinópolis,35001,Jales,3501,São José do Rio Preto
352920,3529203,Martinópolis,35036,Presidente Prudente,3508,Presidente Prudente
352930,3529302,Matão,35024,Araraquara,3505,Araraquara
352940,3529401,Mauá,35061,São Paulo,3515,Metropolitana de São Paulo
352950,3529500,Mendonça,35004,São José do Rio Preto,3501,São José do Rio Preto
352960,3529609,Meridiano,35002,Fernandópolis,3501,São José do Rio Preto
352965,3529658,Mesópolis,35001,Jales,3501,São José do Rio Preto
352970,3529708,Miguelópolis,35010,São Joaquim da Barra,3502,Ribeirão Preto
352980,3529807,Mineiros do Tietê,35021,Jaú,3504,Bauru
352990,3529906,Miracatu,35055,Registro,3514,Litoral Sul Paulista
353000,3530003,Mira Estrela,35002,Fernandópolis,3501,São José do Rio Preto
353010,3530102,Mirandópolis,35016,Andradina,3503,Araçatuba
353020,3530201,Mirante do Paranapanema,35036,Presidente Prudente,3508,Presidente Prudente
353030,3530300,Mirassol,35004,São José do Rio Preto,3501,São José do Rio Preto
353040,3530409,Mirassolândia,35004,São José do Rio Preto,3501,São José do Rio Preto
353050,3530508,Mococa,35030,São João da Boa Vista,3507,Campinas
353060,3530607,Mogi das Cruzes,35062,Mogi das Cruzes,3515,Metropolitana de São Paulo
353070,3530706,Mogi Guaçu,35031,Mogi Mirim,3507,Campinas
353080,3530805,Mogi Mirim,35031,Mogi Mirim,3507,Campinas
353090,3530904,Mombuca,35028,Piracicaba,3506,Piracicaba
353100,3531001,Monções,35007,Nhandeara,3501,São José do Rio Preto
353110,3531100,Mongaguá,35056,Itanhaém,3514,Litoral Sul Paulista
353120,3531209,Monte Alegre do Sul,35033,Amparo,3507,Campinas
353130,3531308,Monte Alto,35013,Jaboticabal,3502,Ribeirão Preto
353140,3531407,Monte Aprazível,35007,Nhandeara,3501,São José do Rio Preto
353150,3531506,Monte Azul Paulista,35013,Jaboticabal,3502,Ribeirão Preto
353160,3531605,Monte Castelo,35034,Dracena,3508,Presidente Prudente
353170,3531704,Monteiro Lobato,35049,Campos do Jordão,3513,Vale do Paraíba Paulista
353180,3531803,Monte Mor,35032,Campinas,3507,Campinas
353190,3531902,Morro Agudo,35010,São Joaquim da Barra,3502,Ribeirão Preto
353200,3532009,Morungaba,35048,Bragança Paulista,3512,Macro Metropolitana Paulista
353205,3532058,Motuca,35024,Araraquara,3505,Araraquara
353210,3532108,Murutinga do Sul,35016,Andradina,3503,Araçatuba
353215,3532157,Nantes,35039,Assis,3510,Assis
353220,3532207,Narandiba,35036,Presidente Prudente,3508,Presidente Prudente
353230,3532306,Natividade da Serra,35053,Paraibuna/Paraitinga,3513,Vale do Paraíba Paulista
353240,3532405,Nazaré Paulista,35048,Bragança Paulista,3512,Macro Metropolitana Paulista
353250,3532504,Neves Paulista,35007,Nhandeara,3501,São José do Rio Preto
353260,3532603,Nhandeara,35007,Nhandeara,3501,São José do Rio Preto
353270,3532702,Nipoã,35007,Nhandeara,3501,São José do Rio Preto
353280,3532801,Nova Aliança,35004,São José do Rio Preto,3501,São José do Rio Preto
353282,3532827,Nova Campina,35041,Itapeva,3511,Itapetininga
353284,3532843,Nova Canaã Paulista,35001,Jales,3501,São José do Rio Preto
353286,3532868,Nova Castilho,35006,Auriflama,3501,São José do Rio Preto
353290,3532900,Nova Europa,35024,Araraquara,3505,Araraquara
353300,3533007,Nova Granada,35004,São José do Rio Preto,3501,São José do Rio Preto
353310,3533106,Nova Guataporanga,35034,Dracena,3508,Presidente Prudente
353320,3533205,Nova Independência,35016,Andradina,3503,Araçatuba
353325,3533254,Novais,35005,Catanduva,3501,São José do Rio Preto
353330,3533304,Nova Luzitânia,35006,Auriflama,3501,São José do Rio Preto
353340,3533403,Nova Odessa,35032,Campinas,3507,Campinas
353350,3533502,Novo Horizonte,35008,Novo Horizonte,3501,São José do Rio Preto
353360,3533601,Nuporanga,35010,São Joaquim da Barra,3502,Ribeirão Preto
353370,3533700,Ocauçu,35038,Marília,3509,Marília
353380,3533809,Óleo,35040,Ourinhos,3510,Assis
353390,3533908,Olímpia,35004,São José do Rio Preto,3501,São José do Rio Preto
353400,3534005,Onda Verde,35004,São José do Rio Preto,3501,São José do Rio Preto
353410,3534104,Oriente,35038,Marília,3509,Marília
353420,3534203,Orindiúva,35004,São José do Rio Preto,3501,São José do Rio Preto
353430,3534302,Orlândia,35010,São Joaquim da Barra,3502,Ribeirão Preto
353440,3534401,Osasco,35057,Osasco,3515,Metropolitana de São Paulo
353450,3534500,Oscar Bressane,35038,Marília,3509,Marília
353460,3534609,Osvaldo Cruz,35035,Adamantina,3508,Presidente Prudente
353470,3534708,Ourinhos,35040,Ourinhos,3510,Assis
353475,3534757,Ouroeste,35002,Fernandópolis,3501,São José do Rio Preto
353480,3534807,Ouro Verde,35034,Dracena,3508,Presidente Prudente
353490,3534906,Pacaembu,35035,Adamantina,3508,Presidente Prudente
353500,3535002,Palestina,35004,São José do Rio Preto,3501,São José do Rio Preto
353510,3535101,Palmares Paulista,35005,Catanduva,3501,São José do Rio Preto
353520,3535200,Palmeira d'Oeste,35001,Jales,3501,São José do Rio Preto
353530,3535309,Palmital,35039,Assis,3510,Assis
353540,3535408,Panorama,35034,Dracena,3508,Presidente Prudente
353550,3535507,Paraguaçu Paulista,35039,Assis,3510,Assis
353560,3535606,Paraibuna,35053,Paraibuna/Paraitinga,3513,Vale do Paraíba Paulista
353570,3535705,Paraíso,35005,Catanduva,3501,São José do Rio Preto
353580,3535804,Paranapanema,35022,Avaré,3504,Bauru
353590,3535903,Paranapuã,35001,Jales,3501,São José do Rio Preto
353600,3536000,Parapuã,35035,Adamantina,3508,Presidente Prudente
353610,3536109,Pardinho,35023,Botucatu,3504,Bauru
353620,3536208,Pariquera-Açu,35055,Registro,3514,Litoral Sul Paulista
353625,3536257,Parisi,35003,Votuporanga,3501,São José do Rio Preto
353630,3536307,Patrocínio Paulista,35012,Franca,3502,Ribeirão Preto
353640,3536406,Paulicéia,35034,Dracena,3508,Presidente Prudente
353650,3536505,Paulínia,35032,Campinas,3507,Campinas
353657,3536570,Paulistânia,35020,Bauru,3504,Bauru
353660,3536604,Paulo de Faria,35004,São José do Rio Preto,3501,São José do Rio Preto
353670,3536703,Pederneiras,35021,Jaú,3504,Bauru
353680,3536802,Pedra Bela,35033,Amparo,3507,Campinas
353690,3536901,Pedranópolis,35002,Fernandópolis,3501,São José do Rio Preto
353700,3537008,Pedregulho,35012,Franca,3502,Ribeirão Preto
353710,3537107,Pedreira,35032,Campinas,3507,Campinas
353715,3537156,Pedrinhas Paulista,35039,Assis,3510,Assis
353720,3537206,Pedro de Toledo,35056,Itanhaém,3514,Litoral Sul Paulista
353730,3537305,Penápolis,35018,Birigui,3503,Araçatuba
353740,3537404,Pereira Barreto,35016,Andradina,3503,Araçatuba
353750,3537503,Pereiras,35043,Tatuí,3511,Itapetininga
353760,3537602,Peruíbe,35056,Itanhaém,3514,Litoral Sul Paulista
353770,3537701,Piacatu,35018,Birigui,3503,Araçatuba
353780,3537800,Piedade,35045,Piedade,3512,Macro Metropolitana Paulista
353790,3537909,Pilar do Sul,35045,Piedade,3512,Macro Metropolitana Paulista
353800,3538006,Pindamonhangaba,35050,São José dos Campos,3513,Vale do Paraíba Paulista
353810,3538105,Pindorama,35005,Catanduva,3501,São José do Rio Preto
353820,3538204,Pinhalzinho,35033,Amparo,3507,Campinas
353830,3538303,Piquerobi,35036,Presidente Prudente,3508,Presidente Prudente
353850,3538501,Piquete,35051,Guaratinguetá,3513,Vale do Paraíba Paulista
353860,3538600,Piracaia,35048,Bragança Paulista,3512,Macro Metropolitana Paulista
353870,3538709,Piracicaba,35028,Piracicaba,3506,Piracicaba
353880,3538808,Piraju,35040,Ourinhos,3510,Assis
353890,3538907,Pirajuí,35020,Bauru,3504,Bauru
353900,3539004,Pirangi,35013,Jaboticabal,3502,Ribeirão Preto
353910,3539103,Pirapora do Bom Jesus,35057,Osasco,3515,Metropolitana de São Paulo
353920,3539202,Pirapozinho,35036,Presidente Prudente,3508,Presidente Prudente
353930,3539301,Pirassununga,35029,Pirassununga,3507,Campinas
353940,3539400,Piratininga,35020,Bauru,3504,Bauru
353950,3539509,Pitangueiras,35013,Jaboticabal,3502,Ribeirão Preto
353960,3539608,Planalto,35004,São José do Rio Preto,3501,São José do Rio Preto
353970,3539707,Platina,35039,Assis,3510,Assis
353980,3539806,Poá,35062,Mogi das Cruzes,3515,Metropolitana de São Paulo
353990,3539905,Poloni,35007,Nhandeara,3501,São José do Rio Preto
354000,3540002,Pompéia,35038,Marília,3509,Marília
354010,3540101,Pongaí,35020,Bauru,3504,Bauru
354020,3540200,Pontal,35014,Ribeirão Preto,3502,Ribeirão Preto
354025,3540259,Pontalinda,35001,Jales,3501,São José do Rio Preto
354030,3540309,Pontes Gestal,35003,Votuporanga,3501,São José do Rio Preto
354040,3540408,Populina,35001,Jales,3501,São José do Rio Preto
354050,3540507,Porangaba,35043,Tatuí,3511,Itapetininga
354060,3540606,Porto Feliz,35046,Sorocaba,3512,Macro Metropolitana Paulista
354070,3540705,Porto Ferreira,35029,Pirassununga,3507,Campinas
354075,3540754,Potim,35051,Guaratinguetá,3513,Vale do Paraíba Paulista
354080,3540804,Potirendaba,35004,São José do Rio Preto,3501,São José do Rio Preto
354085,3540853,Pracinha,35035,Adamantina,3508,Presidente Prudente
354090,3540903,Pradópolis,35014,Ribeirão Preto,3502,Ribeirão Preto
354100,3541000,Praia Grande,35063,Santos,3515,Metropolitana de São Paulo
354105,3541059,Pratânia,35023,Botucatu,3504,Bauru
354110,3541109,Presidente Alves,35020,Bauru,3504,Bauru
354120,3541208,Presidente Bernardes,35036,Presidente Prudente,3508,Presidente Prudente
354130,3541307,Presidente Epitácio,35036,Presidente Prudente,3508,Presidente Prudente
354140,3541406,Presidente Prudente,35036,Presidente Prudente,3508,Presidente Prudente
354150,3541505,Presidente Venceslau,35036,Presidente Prudente,3508,Presidente Prudente
354160,3541604,Promissão,35019,Lins,3504,Bauru
354165,3541653,Quadra,35043,Tatuí,3511,Itapetininga
354170,3541703,Quatá,35039,Assis,3510,Assis
354180,3541802,Queiroz,35037,Tupã,3509,Marília
354190,3541901,Queluz,35051,Guaratinguetá,3513,Vale do Paraíba Paulista
354200,3542008,Quintana,35037,Tupã,3509,Marília
354210,3542107,Rafard,35028,Piracicaba,3506,Piracicaba
354220,3542206,Rancharia,35036,Presidente Prudente,3508,Presidente Prudente
354230,3542305,Redenção da Serra,35053,Paraibuna/Paraitinga,3513,Vale do Paraíba Paulista
354240,3542404,Regente Feijó,35036,Presidente Prudente,3508,Presidente Prudente
354250,3542503,Reginópolis,35020,Bauru,3504,Bauru
354260,3542602,Registro,35055,Registro,3514,Litoral Sul Paulista
354270,3542701,Restinga,35012,Franca,3502,Ribeirão Preto
354280,3542800,Ribeira,35044,Capão Bonito,3511,Itapetininga
354290,3542909,Ribeirão Bonito,35025,São Carlos,3505,Araraquara
354300,3543006,Ribeirão Branco,35044,Capão Bonito,3511,Itapetininga
354310,3543105,Ribeirão Corrente,35012,Franca,3502,Ribeirão Preto
354320,3543204,Ribeirão do Sul,35040,Ourinhos,3510,Assis
354323,3543238,Ribeirão dos Índios,35036,Presidente Prudente,3508,Presidente Prudente
354325,3543253,Ribeirão Grande,35044,Capão Bonito,3511,Itapetininga
354330,3543303,Ribeirão Pires,35061,São Paulo,3515,Metropolitana de São Paulo
354340,3543402,Ribeirão Preto,35014,Ribeirão Preto,3502,Ribeirão Preto
354350,3543501,Riversul,35041,Itapeva,3511,Itapetininga
354360,3543600,Rifaina,35012,Franca,3502,Ribeirão Preto
354370,3543709,Rincão,35024,Araraquara,3505,Araraquara
354380,3543808,Rinópolis,35035,Adamantina,3508,Presidente Prudente
354390,3543907,Rio Claro,35026,Rio Claro,3506,Piracicaba
354400,3544004,Rio das Pedras,35028,Piracicaba,3506,Piracicaba
354410,3544103,Rio Grande da Serra,35061,São Paulo,3515,Metropolitana de São Paulo
354420,3544202,Riolândia,35003,Votuporanga,3501,São José do Rio Preto
354425,3544251,Rosana,35036,Presidente Prudente,3508,Presidente Prudente
354430,3544301,Roseira,35051,Guaratinguetá,3513,Vale do Paraíba Paulista
354440,3544400,Rubiácea,35017,Araçatuba,3503,Araçatuba
354450,3544509,Rubinéia,35001,Jales,3501,São José do Rio Preto
354460,3544608,Sabino,35019,Lins,3504,Bauru
354470,3544707,Sagres,35035,Adamantina,3508,Presidente Prudente
354480,3544806,Sales,35008,Novo Horizonte,3501,São José do Rio Preto
354490,3544905,Sales Oliveira,35010,São Joaquim da Barra,3502,Ribeirão Preto
354500,3545001,Salesópolis,35062,Mogi das Cruzes,3515,Metropolitana de São Paulo
354510,3545100,Salmourão,35035,Adamantina,3508,Presidente Prudente
354515,3545159,Saltinho,35028,Piracicaba,3506,Piracicaba
354520,3545209,Salto,35046,Sorocaba,3512,Macro Metropolitana Paulista
354530,3545308,Salto de Pirapora,35046,Sorocaba,3512,Macro Metropolitana Paulista
354540,3545407,Salto Grande,35040,Ourinhos,3510,Assis
354550,3545506,Sandovalina,35036,Presidente Prudente,3508,Presidente Prudente
354560,3545605,Santa Adélia,35005,Catanduva,3501,São José do Rio Preto
354570,3545704,Santa Albertina,35001,Jales,3501,São José do Rio Preto
354580,3545803,Santa Bárbara d'Oeste,35032,Campinas,3507,Campinas
354600,3546009,Santa Branca,35050,São José dos Campos,3513,Vale do Paraíba Paulista
354610,3546108,Santa Clara d'Oeste,35001,Jales,3501,São José do Rio Preto
354620,3546207,Santa Cruz da Conceição,35027,Limeira,3506,Piracicaba
354625,3546256,Santa Cruz da Esperança,35015,Batatais,3502,Ribeirão Preto
354630,3546306,Santa Cruz das Palmeiras,35029,Pirassununga,3507,Campinas
354640,3546405,Santa Cruz do Rio Pardo,35040,Ourinhos,3510,Assis
354650,3546504,Santa Ernestina,35013,Jaboticabal,3502,Ribeirão Preto
354660,3546603,Santa Fé do Sul,35001,Jales,3501,São José do Rio Preto
354670,3546702,Santa Gertrudes,35027,Limeira,3506,Piracicaba
354680,3546801,Santa Isabel,35059,Guarulhos,3515,Metropolitana de São Paulo
354690,3546900,Santa Lúcia,35024,Araraquara,3505,Araraquara
354700,3547007,Santa Maria da Serra,35028,Piracicaba,3506,Piracicaba
354710,3547106,Santa Mercedes,35034,Dracena,3508,Presidente Prudente
354720,3547205,Santana da Ponte Pensa,35001,Jales,3501,São José do Rio Preto
354730,3547304,Santana de Parnaíba,35057,Osasco,3515,Metropolitana de São Paulo
354740,3547403,Santa Rita d'Oeste,35001,Jales,3501,São José do Rio Preto
354750,3547502,Santa Rita do Passa Quatro,35014,Ribeirão Preto,3502,Ribeirão Preto
354760,3547601,Santa Rosa de Viterbo,35014,Ribeirão Preto,3502,Ribeirão Preto
354765,3547650,Santa Salete,35001,Jales,3501,São José do Rio Preto
354770,3547700,Santo Anastácio,35036,Presidente Prudente,3508,Presidente Prudente
354780,3547809,Santo André,35061,São Paulo,3515,Metropolitana de São Paulo
354790,3547908,Santo Antônio da Alegria,35015,Batatais,3502,Ribeirão Preto
354800,3548005,Santo Antônio de Posse,35031,Mogi Mirim,3507,Campinas
354805,3548054,Santo Antônio do Aracanguá,35017,Araçatuba,3503,Araçatuba
354810,3548104,Santo Antônio do Jardim,35030,São João da Boa Vista,3507,Campinas
354820,3548203,Santo Antônio do Pinhal,35049,Campos do Jordão,3513,Vale do Paraíba Paulista
354830,3548302,Santo Expedito,35036,Presidente Prudente,3508,Presidente Prudente
354840,3548401,Santópolis do Aguapeí,35018,Birigui,3503,Araçatuba
354850,3548500,Santos,35063,Santos,3515,Metropolitana de São Paulo
354860,3548609,São Bento do Sapucaí,35049,Campos do Jordão,3513,Vale do Paraíba Paulista
354870,3548708,São Bernardo do Campo,35061,São Paulo,3515,Metropolitana de São Paulo
354880,3548807,São Caetano do Sul,35061,São Paulo,3515,Metropolitana de São Paulo
354890,3548906,São Carlos,35025,São Carlos,3505,Araraquara
354900,3549003,São Francisco,35001,Jales,3501,São José do Rio Preto
354910,3549102,São João da Boa Vista,35030,São João da Boa Vista,3507,Campinas
354920,3549201,São João das Duas Pontes,35002,Fernandópolis,3501,São José do Rio Preto
354925,3549250,São João de Iracema,35006,Auriflama,3501,São José do Rio Preto
354930,3549300,São João do Pau d'Alho,35034,Dracena,3508,Presidente Prudente
354940,3549409,São Joaquim da Barra,35010,São Joaquim da Barra,3502,Ribeirão Preto
354950,3549508,São José da Bela Vista,35012,Franca,3502,Ribeirão Preto
354960,3549607,São José do Barreiro,35052,Bananal,3513,Vale do Paraíba Paulista
354970,3549706,São José do Rio Pardo,35030,São João da Boa Vista,3507,Campinas
354980,3549805,São José do Rio Preto,35004,São José do Rio Preto,3501,São José do Rio Preto
354990,3549904,São José dos Campos,35050,São José dos Campos,3513,Vale do Paraíba Paulista
354995,3549953,São Lourenço da Serra,35060,Itapecerica da Serra,3515,Metropolitana de São Paulo
355000,3550001,São Luiz do Paraitinga,35053,Paraibuna/Paraitinga,3513,Vale do Paraíba Paulista
355010,3550100,São Manuel,35023,Botucatu,3504,Bauru
355020,3550209,São Miguel Arcanjo,35045,Piedade,3512,Macro Metropolitana Paulista
355030,3550308,São Paulo,35061,São Paulo,3515,Metropolitana de São Paulo
355040,3550407,São Pedro,35028,Piracicaba,3506,Piracicaba
355050,3550506,São Pedro do Turvo,35040,Ourinhos,3510,Assis
355060,3550605,São Roque,35046,Sorocaba,3512,Macro Metropolitana Paulista
355070,3550704,São Sebastião,35054,Caraguatatuba,3513,Vale do Paraíba Paulista
355080,3550803,São Sebastião da Grama,35030,São João da Boa Vista,3507,Campinas
355090,3550902,São Simão,35014,Ribeirão Preto,3502,Ribeirão Preto
355100,3551009,São Vicente,35063,Santos,3515,Metropolitana de São Paulo
355110,3551108,Sarapuí,35046,Sorocaba,3512,Macro Metropolitana Paulista
355120,3551207,Sarutaiá,35040,Ourinhos,3510,Assis
355130,3551306,Sebastianópolis do Sul,35007,Nhandeara,3501,São José do Rio Preto
355140,3551405,Serra Azul,35014,Ribeirão Preto,3502,Ribeirão Preto
355150,3551504,Serrana,35014,Ribeirão Preto,3502,Ribeirão Preto
355160,3551603,Serra Negra,35033,Amparo,3507,Campinas
355170,3551702,Sertãozinho,35014,Ribeirão Preto,3502,Ribeirão Preto
355180,3551801,Sete Barras,35055,Registro,3514,Litoral Sul Paulista
355190,3551900,Severínia,35005,Catanduva,3501,São José do Rio Preto
355200,3552007,Silveiras,35052,Bananal,3513,Vale do Paraíba Paulista
355210,3552106,Socorro,35033,Amparo,3507,Campinas
355220,3552205,Sorocaba,35046,Sorocaba,3512,Macro Metropolitana Paulista
355230,3552304,Sud Mennucci,35016,Andradina,3503,Araçatuba
355240,3552403,Sumaré,35032,Campinas,3507,Campinas
355250,3552502,Suzano,35062,Mogi das Cruzes,3515,Metropolitana de São Paulo
355255,3552551,Suzanápolis,35016,Andradina,3503,Araçatuba
355260,3552601,Tabapuã,35005,Catanduva,3501,São José do Rio Preto
355270,3552700,Tabatinga,35024,Araraquara,3505,Araraquara
355280,3552809,Taboão da Serra,35060,Itapecerica da Serra,3515,Metropolitana de São Paulo
355290,3552908,Taciba,35036,Presidente Prudente,3508,Presidente Prudente
355300,3553005,Taguaí,35040,Ourinhos,3510,Assis
355310,3553104,Taiaçu,35013,Jaboticabal,3502,Ribeirão Preto
355320,3553203,Taiúva,35013,Jaboticabal,3502,Ribeirão Preto
355330,3553302,Tambaú,35030,São João da Boa Vista,3507,Campinas
355340,3553401,Tanabi,35004,São José do Rio Preto,3501,São José do Rio Preto
355350,3553500,Tapiraí,35045,Piedade,3512,Macro Metropolitana Paulista
355360,3553609,Tapiratiba,35030,São João da Boa Vista,3507,Campinas
355365,3553658,Taquaral,35013,Jaboticabal,3502,Ribeirão Preto
355370,3553708,Taquaritinga,35013,Jaboticabal,3502,Ribeirão Preto
355380,3553807,Taquarituba,35041,Itapeva,3511,Itapetininga
355385,3553856,Taquarivaí,35041,Itapeva,3511,Itapetininga
355390,3553906,Tarabai,35036,Presidente Prudente,3508,Presidente Prudente
355395,3553955,Tarumã,35039,Assis,3510,Assis
355400,3554003,Tatuí,35043,Tatuí,3511,Itapetininga
355410,3554102,Taubaté,35050,São José dos Campos,3513,Vale do Paraíba Paulista
355420,3554201,Tejupá,35040,Ourinhos,3510,Assis
355430,3554300,Teodoro Sampaio,35036,Presidente Prudente,3508,Presidente Prudente
355440,3554409,Terra Roxa,35013,Jaboticabal,3502,Ribeirão Preto
355450,3554508,Tietê,35028,Piracicaba,3506,Piracicaba
355460,3554607,Timburi,35040,Ourinhos,3510,Assis
355465,3554656,Torre de Pedra,35043,Tatuí,3511,Itapetininga
355470,3554706,Torrinha,35026,Rio Claro,3506,Piracicaba
355475,3554755,Trabiju,35024,Araraquara,3505,Araraquara
355480,3554805,Tremembé,35050,São José dos Campos,3513,Vale do Paraíba Paulista
355490,3554904,Três Fronteiras,35001,Jales,3501,São José do Rio Preto
355495,3554953,Tuiuti,35048,Bragança Paulista,3512,Macro Metropolitana Paulista
355500,3555000,Tupã,35037,Tupã,3509,Marília
355510,3555109,Tupi Paulista,35034,Dracena,3508,Presidente Prudente
355520,3555208,Turiúba,35018,Birigui,3503,Araçatuba
355530,3555307,Turmalina,35002,Fernandópolis,3501,São José do Rio Preto
355535,3555356,Ubarana,35004,São José do Rio Preto,3501,São José do Rio Preto
355540,3555406,Ubatuba,35054,Caraguatatuba,3513,Vale do Paraíba Paulista
355550,3555505,Ubirajara,35020,Bauru,3504,Bauru
355560,3555604,Uchoa,35004,São José do Rio Preto,3501,São José do Rio Preto
355570,3555703,União Paulista,35007,Nhandeara,3501,São José do Rio Preto
355580,3555802,Urânia,35001,Jales,3501,São José do Rio Preto
355590,3555901,Uru,35020,Bauru,3504,Bauru
355600,3556008,Urupês,35008,Novo Horizonte,3501,São José do Rio Preto
355610,3556107,Valentim Gentil,35003,Votuporanga,3501,São José do Rio Preto
355620,3556206,Valinhos,35032,Campinas,3507,Campinas
355630,3556305,Valparaíso,35017,Araçatuba,3503,Araçatuba
355635,3556354,Vargem,35048,Bragança Paulista,3512,Macro Metropolitana Paulista
355640,3556404,Vargem Grande do Sul,35030,São João da Boa Vista,3507,Campinas
355645,3556453,Vargem Grande Paulista,35060,Itapecerica da Serra,3515,Metropolitana de São Paulo
355650,3556503,Várzea Paulista,35047,Jundiaí,3512,Macro Metropolitana Paulista
355660,3556602,Vera Cruz,35038,Marília,3509,Marília
355670,3556701,Vinhedo,35032,Campinas,3507,Campinas
355680,3556800,Viradouro,35013,Jaboticabal,3502,Ribeirão Preto
355690,3556909,Vista Alegre do Alto,35013,Jaboticabal,3502,Ribeirão Preto
355695,3556958,Vitória Brasil,35001,Jales,3501,São José do Rio Preto
355700,3557006,Votorantim,35046,Sorocaba,3512,Macro Metropolitana Paulista
355710,3557105,Votuporanga,35003,Votuporanga,3501,São José do Rio Preto
355715,3557154,Zacarias,35004,São José do Rio Preto,3501,São José do Rio Preto
355720,3557204,Chavantes,35040,Ourinhos,3510,Assis
355730,3557303,Estiva Gerbi,35031,Mogi Mirim,3507,Campinas
